{
    "data": [
        {
            "id": 1,
            "baseImgSrc": "../imgs/products/product-1.png",
            "placeHolderImgSrc": "../imgs/products/product-5.png",
            "badge": "Trending",
            "title": "Green Dress For Woman",
            "price": 38.00,
            "className": "trending",
            "classColor": "blue",
            "productStars": 4,
            "CustomerReviews": 30,
            "oldPrice": 55.00,
            "productDesc": "It is a long established fact that a reader will be distracted by the readable content of a page when looking at its layout. The point of using Lorem Ipsum is that it has a more-or-less normal distribution of letters.",
            "ProductColors": ["red", "green", "blue"]
        },
        {
            "id": 2,
            "baseImgSrc": "../imgs/products/product-2.png",
            "placeHolderImgSrc": "../imgs/products/product-6.png",
            "badge": "Best Selling",
            "title": "T-Shirt For Men",
            "price": 72.00,
            "className": "bestSelling",
            "classColor": "green",
            "productStars": 3,
            "CustomerReviews": 80,
            "oldPrice": 89.00,
            "productDesc": "Vivamus suscipit tortor eget felis porttitor volutpat. Lorem ipsum dolor sit amet, consectetur adipiscing elit. Proin eget tortor risus. Nulla porttitor accumsan tincidunt. Pellentesque in ipsum id orci porta dapibus.",
            "ProductColors": ["red", "green", "blue"]
        },
        {
            "id": 3,
            "baseImgSrc": "../imgs/products/product-3.png",
            "placeHolderImgSrc": "../imgs/products/product-7.png",
            "badge": "Featured",
            "title": "V-Neck Dress",
            "price": 34.00,
            "className": "featured",
            "classColor": "orange",
            "productStars": 5,
            "CustomerReviews": 156,
            "oldPrice": 51.00,
            "productDesc": "Praesent sapien massa, convallis a pellentesque nec, egestas non nisi. Vestibulum ante ipsum primis in faucibus orci luctus et ultrices posuere cubilia Curae;",
            "ProductColors": ["red", "green", "blue"]
        },
        {
            "id": 4,
            "baseImgSrc": "../imgs/products/product-4.png",
            "placeHolderImgSrc": "../imgs/products/product-8.png",
            "badge": "On Sell",
            "title": "Maxi Dress",
            "price": 43.00,
            "className": "onSell",
            "classColor": "red",
            "productStars": 2,
            "CustomerReviews": 190,
            "oldPrice": 60.00,
            "productDesc": "Donec velit neque, auctor sit amet aliquam vel, ullamcorper sit amet ligula. Vestibulum ac diam sit amet quam vehicula elementum sed sit amet dui. Quisque velit nisi, pretium ut lacinia in, elementum id enim.",
            "ProductColors": ["red", "green", "blue"]
        },
        {
            "id": 5,
            "baseImgSrc": "../imgs/products/product-9.png",
            "placeHolderImgSrc": "../imgs/products/product-1.png",
            "badge": "On Sell",
            "title": "Fit-Flare Dress",
            "price": 52.00,
            "className": "onSell",
            "classColor": "red",
            "productStars": 4,
            "CustomerReviews": 20,
            "oldPrice": 69.00,
            "productDesc": "Donec sollicitudin molestie malesuada. Lorem ipsum dolor sit amet, consectetur adipiscing elit. Vivamus suscipit tortor eget felis porttitor volutpat. Nulla quis lorem ut libero malesuada feugiat.",
            "ProductColors": ["red", "green", "blue"]
        },
        {
            "id": 6,
            "baseImgSrc": "../imgs/products/product-8.png",
            "placeHolderImgSrc": "../imgs/products/product-4.png",
            "badge": "Featured",
            "title": "Midi Dress",
            "price": 14.00,
            "className": "featured",
            "classColor": "orange",
            "productStars": 4,
            "CustomerReviews": 120,
            "oldPrice": 31.00,
            "productDesc": "Nulla quis lorem ut libero malesuada feugiat. Quisque velit nisi, pretium ut lacinia in, elementum id enim. Curabitur non nulla sit amet nisl tempus convallis quis ac lectus. Donec sollicitudin molestie malesuada",
            "ProductColors": ["red", "green", "blue"]
        },
        {
            "id": 7,
            "baseImgSrc": "../imgs/products/product-7.png",
            "placeHolderImgSrc": "../imgs/products/product-3.png",
            "badge": "Trending",
            "title": "Tulip Dress",
            "price": 41.00,
            "className": "trending",
            "classColor": "blue",
            "productStars": 2,
            "CustomerReviews": 10,
            "oldPrice": 58.00,
            "productDesc": "Donec rutrum congue leo eget malesuada. Curabitur arcu erat, accumsan id imperdiet et, porttitor at sem. Lorem ipsum dolor sit amet, consectetur adipiscing elit. Quisque velit nisi, pretium ut lacinia in, elementum id enim.",
            "ProductColors": ["red", "green", "blue"]
        },
        {
            "id": 8,
            "baseImgSrc": "../imgs/products/product-10.png",
            "placeHolderImgSrc": "../imgs/products/product-8.png",
            "badge": "Best Selling",
            "title": "Skater Dress",
            "price": 21.00,
            "className": "bestSelling",
            "classColor": "green",
            "productStars": 3,
            "CustomerReviews": 20,
            "oldPrice": 38.00,
            "productDesc": "DNulla quis lorem ut libero malesuada feugiat. Donec sollicitudin molestie malesuada. Lorem ipsum dolor sit amet, consectetur adipiscing elit. Donec rutrum congue leo eget malesuada.",
            "ProductColors": ["red", "green", "blue"]
        }
    ]
}